<?xml version="1.0" encoding="UTF-8"?><process version="10.1.002">
  <context>
    <input/>
    <output/>
    <macros/>
  </context>
  <operator activated="true" class="process" compatibility="10.1.002" expanded="true" name="Process">
    <parameter key="logverbosity" value="init"/>
    <parameter key="random_seed" value="2001"/>
    <parameter key="send_mail" value="never"/>
    <parameter key="notification_email" value=""/>
    <parameter key="process_duration_for_mail" value="30"/>
    <parameter key="encoding" value="SYSTEM"/>
    <process expanded="true">
      <operator activated="true" class="concurrency:loop_files" compatibility="10.1.002" expanded="true" height="82" name="Loop Files" width="90" x="45" y="85">
        <parameter key="directory" value="C:\Users\LarKaz\Desktop\Projektarbeit_LKI_Daten\38Geschäftsberichte"/>
        <parameter key="filter_type" value="glob"/>
        <parameter key="recursive" value="false"/>
        <parameter key="skip_inaccessible" value="true"/>
        <parameter key="enable_macros" value="true"/>
        <parameter key="macro_for_file_name" value="file_name"/>
        <parameter key="macro_for_file_type" value="file_type"/>
        <parameter key="macro_for_folder_name" value="folder_name"/>
        <parameter key="reuse_results" value="false"/>
        <parameter key="enable_parallel_execution" value="true"/>
        <process expanded="true">
          <operator activated="true" class="text:read_document" compatibility="10.0.000" expanded="true" height="68" name="Read Document" width="90" x="45" y="34">
            <parameter key="extract_text_only" value="true"/>
            <parameter key="use_file_extension_as_type" value="true"/>
            <parameter key="content_type" value="pdf"/>
            <parameter key="encoding" value="SYSTEM"/>
          </operator>
          <operator activated="true" class="text:tokenize" compatibility="10.0.000" expanded="true" height="68" name="Tokenize" width="90" x="179" y="34">
            <parameter key="mode" value="non letters"/>
            <parameter key="characters" value=".:"/>
            <parameter key="language" value="English"/>
            <parameter key="max_token_length" value="3"/>
          </operator>
          <operator activated="true" class="text:transform_cases" compatibility="10.0.000" expanded="true" height="68" name="Transform Cases" width="90" x="313" y="34">
            <parameter key="transform_to" value="lower case"/>
          </operator>
          <operator activated="true" class="text:filter_stopwords_german" compatibility="10.0.000" expanded="true" height="68" name="Filter Stopwords (German)" width="90" x="447" y="34">
            <parameter key="stop_word_list" value="Standard"/>
          </operator>
          <operator activated="true" class="text:filter_stopwords_dictionary" compatibility="10.0.000" expanded="true" height="82" name="Filter Stopwords (Dictionary)" width="90" x="581" y="34">
            <parameter key="file" value="C:/Users/LarKaz/Desktop/PA/Dictionaries/Dic_b.txt"/>
            <parameter key="case_sensitive" value="false"/>
            <parameter key="encoding" value="SYSTEM"/>
          </operator>
          <operator activated="true" class="text:stem_german" compatibility="10.0.000" expanded="true" height="68" name="Stem (German)" width="90" x="715" y="34"/>
          <operator activated="true" class="text:filter_by_length" compatibility="10.0.000" expanded="true" height="68" name="Filter Tokens (by Length)" width="90" x="849" y="34">
            <parameter key="min_chars" value="5"/>
            <parameter key="max_chars" value="9999"/>
          </operator>
          <connect from_port="file object" to_op="Read Document" to_port="file"/>
          <connect from_op="Read Document" from_port="output" to_op="Tokenize" to_port="document"/>
          <connect from_op="Tokenize" from_port="document" to_op="Transform Cases" to_port="document"/>
          <connect from_op="Transform Cases" from_port="document" to_op="Filter Stopwords (German)" to_port="document"/>
          <connect from_op="Filter Stopwords (German)" from_port="document" to_op="Filter Stopwords (Dictionary)" to_port="document"/>
          <connect from_op="Filter Stopwords (Dictionary)" from_port="document" to_op="Stem (German)" to_port="document"/>
          <connect from_op="Stem (German)" from_port="document" to_op="Filter Tokens (by Length)" to_port="document"/>
          <connect from_op="Filter Tokens (by Length)" from_port="document" to_port="output 1"/>
          <portSpacing port="source_file object" spacing="0"/>
          <portSpacing port="source_input 1" spacing="0"/>
          <portSpacing port="sink_output 1" spacing="0"/>
          <portSpacing port="sink_output 2" spacing="0"/>
        </process>
      </operator>
      <operator activated="true" class="multiply" compatibility="10.1.002" expanded="true" height="103" name="Multiply" width="90" x="246" y="85"/>
      <operator activated="true" class="operator_toolbox:lda" compatibility="2.14.000" expanded="true" height="124" name="Extract Topics from Documents (LDA)" width="90" x="514" y="238">
        <parameter key="number_of_topics" value="40"/>
        <parameter key="show_optimization_settings" value="false"/>
        <parameter key="use_alpha_heuristics" value="true"/>
        <parameter key="alpha_sum" value="0.1"/>
        <parameter key="use_beta_heuristics" value="true"/>
        <parameter key="beta" value="0.01"/>
        <parameter key="optimize_hyperparameters" value="true"/>
        <parameter key="optimize_interval_for_hyperparameters" value="10"/>
        <parameter key="iterations" value="15000"/>
        <parameter key="top_words_per_topic" value="5"/>
        <parameter key="stopword language" value="german"/>
        <parameter key="reproducible" value="false"/>
        <parameter key="enable_logging" value="false"/>
        <parameter key="use_local_random_seed" value="false"/>
        <parameter key="local_random_seed" value="1992"/>
        <parameter key="include_meta_data" value="true"/>
      </operator>
      <operator activated="true" class="text:process_documents" compatibility="10.0.000" expanded="true" height="103" name="Process Documents" width="90" x="514" y="34">
        <parameter key="create_word_vector" value="true"/>
        <parameter key="vector_creation" value="TF-IDF"/>
        <parameter key="add_meta_information" value="true"/>
        <parameter key="keep_text" value="false"/>
        <parameter key="prune_method" value="absolute"/>
        <parameter key="prune_below_percent" value="3.0"/>
        <parameter key="prune_above_percent" value="30.0"/>
        <parameter key="prune_below_absolute" value="2"/>
        <parameter key="prune_above_absolute" value="9999"/>
        <parameter key="prune_below_rank" value="0.05"/>
        <parameter key="prune_above_rank" value="0.95"/>
        <parameter key="datamanagement" value="double_sparse_array"/>
        <parameter key="data_management" value="auto"/>
        <process expanded="true">
          <connect from_port="document" to_port="document 1"/>
          <portSpacing port="source_document" spacing="0"/>
          <portSpacing port="sink_document 1" spacing="0"/>
          <portSpacing port="sink_document 2" spacing="0"/>
        </process>
      </operator>
      <connect from_op="Loop Files" from_port="output 1" to_op="Multiply" to_port="input"/>
      <connect from_op="Multiply" from_port="output 1" to_op="Process Documents" to_port="documents 1"/>
      <connect from_op="Multiply" from_port="output 2" to_op="Extract Topics from Documents (LDA)" to_port="col"/>
      <connect from_op="Extract Topics from Documents (LDA)" from_port="exa" to_port="result 3"/>
      <connect from_op="Extract Topics from Documents (LDA)" from_port="top" to_port="result 4"/>
      <connect from_op="Extract Topics from Documents (LDA)" from_port="mod" to_port="result 5"/>
      <connect from_op="Extract Topics from Documents (LDA)" from_port="per" to_port="result 6"/>
      <connect from_op="Process Documents" from_port="example set" to_port="result 1"/>
      <connect from_op="Process Documents" from_port="word list" to_port="result 2"/>
      <portSpacing port="source_input 1" spacing="0"/>
      <portSpacing port="sink_result 1" spacing="0"/>
      <portSpacing port="sink_result 2" spacing="0"/>
      <portSpacing port="sink_result 3" spacing="0"/>
      <portSpacing port="sink_result 4" spacing="0"/>
      <portSpacing port="sink_result 5" spacing="0"/>
      <portSpacing port="sink_result 6" spacing="0"/>
      <portSpacing port="sink_result 7" spacing="0"/>
    </process>
  </operator>
</process>
